anomaly_type,count,percent_visitors
Night crawler,3966,0.2817601841458389
Ghost buyer,1143,0.08120319981812757
Click fraud,506,0.03594822319157703
Sequence violation,444,0.03154350019181858
Rapid-fire,256,0.018187243353841344
Item hoarding,107,0.007601699370550875
Bot scraper,32,0.002273405419230168
Session bomb,6,0.00042626351610565655
