anomaly_type,count,percent_visitors
Night crawler,24265,1.723880703050626
Click fraud,6452,0.4583753676522827
Rapid-fire,3711,0.2636439847113486
Bot scraper,1275,0.09058099717245201
Ghost buyer,1143,0.08120319981812757
Item hoarding,735,0.052217280722942926
Sequence violation,444,0.03154350019181858
Session bomb,188,0.013356256837977238
